{
"lengthUnit": "mil",
"components": {
	"fields": ["COMPONENT_NO", "COMPONENT_NAME", "LAYER", "X_COORDINATE", "Y_COORDINATE", "ANGLE"],
	"rows": [
		[1, "C3", "T", 7449.47, -615.29, 270],
		[2, "C5", "T", 7339.47, -730.29, 270],
		[3, "C6", "T", 7259.47, -710.29, 270],
		[4, "C7", "T", 7769.47, -885.29, 270],
		[5, "C8", "T", 7269.47, -990.29, 0],
		[6, "C28", "T", 7874.47, -795.29, 270],
		[7, "C29", "T", 7260, -835, 0],
		[8, "C30", "T", 7015.96, -1898.86, 180],
		[9, "C31", "T", 7263.21, -1069.02, 0],
		[10, "C32", "T", 7254.17, -921.35, 0],
		[11, "C33", "T", 7950, -610, 125],
		[12, "C36", "T", 8535, -560, 0],
		[13, "C37", "T", 8490, -965, 180],
		[14, "C38", "T", 8185, -530, 0],
		[15, "C39", "T", 8375, -925, 180],
		[16, "C40", "T", 8375, -550, 0],
		[17, "C41", "T", 8100, -915, 180],
		[18, "C42", "T", 8560, -875, 0],
		[19, "CN1", "T", 8005, 235, 90],
		[20, "D1", "T", 7610, -1330, 270],
		[21, "H1", "T", 7975, -1470, 0],
		[22, "H2", "T", 8818.87, -703.7, 90],
		[23, "H3", "T", 8705, -705, 90],
		[24, "H4", "T", 8420, -1170, 0],
		[25, "H5", "T", 8415, -380, 180],
		[26, "H6", "T", 7505, -1170, 180],
		[27, "H7", "T", 7505, -390, 0],
		[28, "L2", "B", 8455, -795, 180],
		[29, "L4", "T", 7449.47, -910.29, 270],
		[30, "P1", "T", 9005, -815, 270],
		[31, "P2", "T", 7015, -815, 270],
		[32, "P3", "T", 7485, -1660, 180],
		[33, "P4", "T", 8485, -1660, 0],
		[34, "P5", "T", 7520, 15, 0],
		[35, "P6", "T", 8465, 20, 180],
		[36, "R1", "T", 7663.21, -567.01, 0],
		[37, "R2", "T", 7697.87, -888.55, 270],
		[38, "R3", "T", 7629.47, -885.29, 270],
		[39, "R4", "T", 8405, -860, 180],
		[40, "R5", "T", 8185, -590, 0],
		[41, "R6", "T", 8155, -680, 90],
		[42, "SCREW4", "T", 8995, 745, 0],
		[43, "SCREW5", "T", 9005, -2285, 0],
		[44, "SCREW6", "T", 7029.04, -2287.19, 0],
		[45, "SCREW7", "T", 7034.04, 743.12, 0],
		[46, "U20", "T", 7548.96, -1091.6, 0],
		[47, "U21", "T", 7662.87, -706.76, 270],
		[48, "U22", "T", 8425, -720, 90],
		[49, "U29", "T", 8661.97, -999.84, 0]
	]
},
"pins": {
	"fields": ["PIN_NO", "PIN_NAME", "PIN_X", "PIN_Y", "LAYER", "PIN_TYPE", "NET_NAME", "NET_TYPE", "PAD_SHAPE", "PAD_SIZEX", "PAD_SIZEY", "HOLE_SIZE", "PAD_ANGLE"],
	"rows": [
		[1, "C3_1", 7449.47, -552.59, "T", "SMD", "$1N867", "", "R", 58.47, 68.03, 0, 270],
		[2, "C3_2", 7449.47, -677.99, "T", "SMD", "$1N856", "", "R", 58.47, 68.03, 0, 270],
		[3, "C5_1", 7339.47, -702.73, "T", "SMD", "GND", "GND", "R", 31.5, 35.43, 0, 270],
		[4, "C5_2", 7339.47, -757.85, "T", "SMD", "$1N858", "", "R", 31.5, 35.43, 0, 270],
		[5, "C6_1", 7259.47, -682.73, "T", "SMD", "GND", "GND", "R", 31.5, 35.43, 0, 270],
		[6, "C6_2", 7259.47, -737.85, "T", "SMD", "$1N864", "", "R", 31.5, 35.43, 0, 270],
		[7, "C7_1", 7769.47, -857.73, "T", "SMD", "$1N857", "", "R", 31.5, 35.43, 0, 270],
		[8, "C7_2", 7769.47, -912.85, "T", "SMD", "+5V", "", "R", 31.5, 35.43, 0, 270],
		[9, "C8_1", 7241.91, -990.29, "T", "SMD", "GND", "GND", "R", 31.5, 35.43, 0, 0],
		[10, "C8_2", 7297.03, -990.29, "T", "SMD", "+5V", "", "R", 31.5, 35.43, 0, 0],
		[11, "C28_1", 7874.47, -732.59, "T", "SMD", "$1N865", "", "R", 58.47, 68.03, 0, 270],
		[12, "C28_2", 7874.47, -857.99, "T", "SMD", "GND", "GND", "R", 58.47, 68.03, 0, 270],
		[13, "C29_1", 7220.63, -835, "T", "SMD", "GND", "GND", "R", 55.51, 53.15, 0, 0],
		[14, "C29_2", 7299.37, -835, "T", "SMD", "+5V", "", "R", 55.51, 53.15, 0, 0],
		[15, "C30_1", 7055.33, -1898.86, "T", "SMD", "GND", "GND", "R", 55.51, 53.15, 0, 180],
		[16, "C30_2", 6976.59, -1898.86, "T", "SMD", "+5V", "", "R", 55.51, 53.15, 0, 180],
		[17, "C31_1", 7223.84, -1069.02, "T", "SMD", "GND", "GND", "R", 55.51, 53.15, 0, 0],
		[18, "C31_2", 7302.58, -1069.02, "T", "SMD", "+5V", "", "R", 55.51, 53.15, 0, 0],
		[19, "C32_1", 7214.8, -921.35, "T", "SMD", "GND", "GND", "R", 55.51, 53.15, 0, 0],
		[20, "C32_2", 7293.54, -921.35, "T", "SMD", "+5V", "", "R", 55.51, 53.15, 0, 0],
		[21, "C33_1", 7978.68, -650.96, "T", "DIP", "12V", "", "C", 62.99, 62.99, 39.37, 125],
		[22, "C33_1", 7978.68, -650.96, "B", "DIP", "12V", "", "C", 62.99, 62.99, 39.37, 125],
		[23, "C33_2", 7921.32, -569.04, "T", "DIP", "GND", "GND", "C", 62.99, 62.99, 39.37, 125],
		[24, "C33_2", 7921.32, -569.04, "B", "DIP", "GND", "GND", "C", 62.99, 62.99, 39.37, 125],
		[25, "C36_1", 8507.44, -560, "T", "SMD", "GND", "GND", "R", 31.5, 35.43, 0, 0],
		[26, "C36_2", 8562.56, -560, "T", "SMD", "$1N1561", "", "R", 31.5, 35.43, 0, 0],
		[27, "C37_1", 8517.56, -965, "T", "SMD", "GND", "GND", "R", 31.5, 35.43, 0, 180],
		[28, "C37_2", 8462.44, -965, "T", "SMD", "$1N1567", "", "R", 31.5, 35.43, 0, 180],
		[29, "C38_1", 8157.44, -530, "T", "SMD", "$1N1560", "", "R", 31.5, 35.43, 0, 0],
		[30, "C38_2", 8212.56, -530, "T", "SMD", "+P_5V", "", "R", 31.5, 35.43, 0, 0],
		[31, "C39_1", 8402.56, -925, "T", "SMD", "GND", "GND", "R", 31.5, 35.43, 0, 180],
		[32, "C39_2", 8347.44, -925, "T", "SMD", "+P_5V", "", "R", 31.5, 35.43, 0, 180],
		[33, "C40_1", 8312.3, -550, "T", "SMD", "$1N1568", "", "R", 58.47, 68.03, 0, 0],
		[34, "C40_2", 8437.7, -550, "T", "SMD", "GND", "GND", "R", 58.47, 68.03, 0, 0],
		[35, "C41_1", 8205.12, -915, "T", "SMD", "+P_5V", "", "R", 137.79, 47.24, 0, 180],
		[36, "C41_2", 7994.88, -915, "T", "SMD", "GND", "GND", "R", 137.79, 47.24, 0, 180],
		[37, "C42_1", 8532.44, -875, "T", "SMD", "$1N1570", "", "R", 31.5, 35.43, 0, 0],
		[38, "C42_2", 8587.56, -875, "T", "SMD", "$1N7357", "", "R", 31.5, 35.43, 0, 0],
		[39, "CN1_1", 8005, 136.58, "T", "DIP", "12V", "", "C", 149.61, 149.61, 100, 90],
		[40, "CN1_1", 8005, 136.58, "B", "DIP", "12V", "", "C", 149.61, 149.61, 100, 90],
		[41, "CN1_2", 8005, 333.42, "T", "DIP", "GND", "GND", "C", 149.61, 149.61, 100, 90],
		[42, "CN1_2", 8005, 333.42, "B", "DIP", "GND", "GND", "C", 149.61, 149.61, 100, 90],
		[43, "D1_1", 7610, -1263.07, "T", "SMD", "3V3", "", "R", 43.31, 66.93, 0, 90],
		[44, "D1_2", 7610, -1396.93, "T", "SMD", "$1N2169", "", "R", 43.31, 66.93, 0, 90],
		[45, "H1_1", 7825, -1470, "T", "DIP", "$1N2169", "", "R", 70.87, 70.87, 43.31, 0],
		[46, "H1_1", 7825, -1470, "B", "DIP", "$1N2169", "", "R", 70.87, 70.87, 43.31, 0],
		[47, "H1_2", 7925, -1470, "T", "DIP", "A13/SWDIO", "", "C", 70.87, 70.87, 43.31, 0],
		[48, "H1_2", 7925, -1470, "B", "DIP", "A13/SWDIO", "", "C", 70.87, 70.87, 43.31, 0],
		[49, "H1_3", 8025, -1470, "T", "DIP", "A14/SWCLK", "", "C", 70.87, 70.87, 43.31, 0],
		[50, "H1_3", 8025, -1470, "B", "DIP", "A14/SWCLK", "", "C", 70.87, 70.87, 43.31, 0],
		[51, "H1_4", 8125, -1470, "T", "DIP", "GND", "GND", "C", 70.87, 70.87, 43.31, 0],
		[52, "H1_4", 8125, -1470, "B", "DIP", "GND", "GND", "C", 70.87, 70.87, 43.31, 0],
		[53, "H2_1", 8818.87, -803.7, "T", "DIP", "+P_5V", "", "R", 62, 70.87, 47.24, 90],
		[54, "H2_1", 8818.87, -803.7, "B", "DIP", "+P_5V", "", "R", 62, 70.87, 47.24, 90],
		[55, "H2_2", 8818.87, -703.7, "T", "DIP", "GND", "GND", "C", 70.87, 70.87, 47.24, 90],
		[56, "H2_2", 8818.87, -703.7, "B", "DIP", "GND", "GND", "C", 70.87, 70.87, 47.24, 90],
		[57, "H2_3", 8818.87, -603.7, "T", "DIP", "B14", "", "C", 70.87, 70.87, 47.24, 90],
		[58, "H2_3", 8818.87, -603.7, "B", "DIP", "B14", "", "C", 70.87, 70.87, 47.24, 90],
		[59, "H3_1", 8705, -805, "T", "DIP", "+P_5V", "", "R", 62, 70.87, 47.24, 90],
		[60, "H3_1", 8705, -805, "B", "DIP", "+P_5V", "", "R", 62, 70.87, 47.24, 90],
		[61, "H3_2", 8705, -705, "T", "DIP", "GND", "GND", "C", 70.87, 70.87, 47.24, 90],
		[62, "H3_2", 8705, -705, "B", "DIP", "GND", "GND", "C", 70.87, 70.87, 47.24, 90],
		[63, "H3_3", 8705, -605, "T", "DIP", "B15", "", "C", 70.87, 70.87, 47.24, 90],
		[64, "H3_3", 8705, -605, "B", "DIP", "B15", "", "C", 70.87, 70.87, 47.24, 90],
		[65, "H4_1", 8120, -1170, "T", "DIP", "GND", "GND", "R", 62, 66.93, 43.31, 0],
		[66, "H4_1", 8120, -1170, "B", "DIP", "GND", "GND", "R", 62, 66.93, 43.31, 0],
		[67, "H4_2", 8220, -1170, "T", "DIP", "H4_2", "", "C", 66.93, 66.93, 43.31, 0],
		[68, "H4_2", 8220, -1170, "B", "DIP", "H4_2", "", "C", 66.93, 66.93, 43.31, 0],
		[69, "H4_3", 8320, -1170, "T", "DIP", "3V3", "", "C", 66.93, 66.93, 43.31, 0],
		[70, "H4_3", 8320, -1170, "B", "DIP", "3V3", "", "C", 66.93, 66.93, 43.31, 0],
		[71, "H4_4", 8420, -1170, "T", "DIP", "E05", "", "C", 66.93, 66.93, 43.31, 0],
		[72, "H4_4", 8420, -1170, "B", "DIP", "E05", "", "C", 66.93, 66.93, 43.31, 0],
		[73, "H4_5", 8520, -1170, "T", "DIP", "A03", "", "C", 66.93, 66.93, 43.31, 0],
		[74, "H4_5", 8520, -1170, "B", "DIP", "A03", "", "C", 66.93, 66.93, 43.31, 0],
		[75, "H4_6", 8620, -1170, "T", "DIP", "BOUT1B", "", "C", 66.93, 66.93, 43.31, 0],
		[76, "H4_6", 8620, -1170, "B", "DIP", "BOUT1B", "", "C", 66.93, 66.93, 43.31, 0],
		[77, "H4_7", 8720, -1170, "T", "DIP", "BOUT2B", "", "C", 66.93, 66.93, 43.31, 0],
		[78, "H4_7", 8720, -1170, "B", "DIP", "BOUT2B", "", "C", 66.93, 66.93, 43.31, 0],
		[79, "H5_1", 8715, -380, "T", "DIP", "GND", "GND", "R", 62, 66.93, 43.31, 180],
		[80, "H5_1", 8715, -380, "B", "DIP", "GND", "GND", "R", 62, 66.93, 43.31, 180],
		[81, "H5_2", 8615, -380, "T", "DIP", "12V", "", "C", 66.93, 66.93, 43.31, 180],
		[82, "H5_2", 8615, -380, "B", "DIP", "12V", "", "C", 66.93, 66.93, 43.31, 180],
		[83, "H5_3", 8515, -380, "T", "DIP", "3V3", "", "C", 66.93, 66.93, 43.31, 180],
		[84, "H5_3", 8515, -380, "B", "DIP", "3V3", "", "C", 66.93, 66.93, 43.31, 180],
		[85, "H5_4", 8415, -380, "T", "DIP", "B09", "", "C", 66.93, 66.93, 43.31, 180],
		[86, "H5_4", 8415, -380, "B", "DIP", "B09", "", "C", 66.93, 66.93, 43.31, 180],
		[87, "H5_5", 8315, -380, "T", "DIP", "E06", "", "C", 66.93, 66.93, 43.31, 180],
		[88, "H5_5", 8315, -380, "B", "DIP", "E06", "", "C", 66.93, 66.93, 43.31, 180],
		[89, "H5_6", 8215, -380, "T", "DIP", "AOUT1B", "", "C", 66.93, 66.93, 43.31, 180],
		[90, "H5_6", 8215, -380, "B", "DIP", "AOUT1B", "", "C", 66.93, 66.93, 43.31, 180],
		[91, "H5_7", 8115, -380, "T", "DIP", "AOUT2B", "", "C", 66.93, 66.93, 43.31, 180],
		[92, "H5_7", 8115, -380, "B", "DIP", "AOUT2B", "", "C", 66.93, 66.93, 43.31, 180],
		[93, "H6_1", 7805, -1170, "T", "DIP", "GND", "GND", "R", 62, 66.93, 43.31, 180],
		[94, "H6_1", 7805, -1170, "B", "DIP", "GND", "GND", "R", 62, 66.93, 43.31, 180],
		[95, "H6_2", 7705, -1170, "T", "DIP", "H6_2", "", "C", 66.93, 66.93, 43.31, 180],
		[96, "H6_2", 7705, -1170, "B", "DIP", "H6_2", "", "C", 66.93, 66.93, 43.31, 180],
		[97, "H6_3", 7605, -1170, "T", "DIP", "3V3", "", "C", 66.93, 66.93, 43.31, 180],
		[98, "H6_3", 7605, -1170, "B", "DIP", "3V3", "", "C", 66.93, 66.93, 43.31, 180],
		[99, "H6_4", 7505, -1170, "T", "DIP", "B00", "", "C", 66.93, 66.93, 43.31, 180],
		[100, "H6_4", 7505, -1170, "B", "DIP", "B00", "", "C", 66.93, 66.93, 43.31, 180],
		[101, "H6_5", 7405, -1170, "T", "DIP", "A06", "", "C", 66.93, 66.93, 43.31, 180],
		[102, "H6_5", 7405, -1170, "B", "DIP", "A06", "", "C", 66.93, 66.93, 43.31, 180],
		[103, "H6_6", 7305, -1170, "T", "DIP", "BOUT1", "", "C", 66.93, 66.93, 43.31, 180],
		[104, "H6_6", 7305, -1170, "B", "DIP", "BOUT1", "", "C", 66.93, 66.93, 43.31, 180],
		[105, "H6_7", 7205, -1170, "T", "DIP", "BOUT2", "", "C", 66.93, 66.93, 43.31, 180],
		[106, "H6_7", 7205, -1170, "B", "DIP", "BOUT2", "", "C", 66.93, 66.93, 43.31, 180],
		[107, "H7_1", 7205, -390, "T", "DIP", "GND", "GND", "R", 62, 66.93, 43.31, 0],
		[108, "H7_1", 7205, -390, "B", "DIP", "GND", "GND", "R", 62, 66.93, 43.31, 0],
		[109, "H7_2", 7305, -390, "T", "DIP", "12V", "", "C", 66.93, 66.93, 43.31, 0],
		[110, "H7_2", 7305, -390, "B", "DIP", "12V", "", "C", 66.93, 66.93, 43.31, 0],
		[111, "H7_3", 7405, -390, "T", "DIP", "3V3", "", "C", 66.93, 66.93, 43.31, 0],
		[112, "H7_3", 7405, -390, "B", "DIP", "3V3", "", "C", 66.93, 66.93, 43.31, 0],
		[113, "H7_4", 7505, -390, "T", "DIP", "A00", "", "C", 66.93, 66.93, 43.31, 0],
		[114, "H7_4", 7505, -390, "B", "DIP", "A00", "", "C", 66.93, 66.93, 43.31, 0],
		[115, "H7_5", 7605, -390, "T", "DIP", "B01", "", "C", 66.93, 66.93, 43.31, 0],
		[116, "H7_5", 7605, -390, "B", "DIP", "B01", "", "C", 66.93, 66.93, 43.31, 0],
		[117, "H7_6", 7705, -390, "T", "DIP", "AOUT1", "", "C", 66.93, 66.93, 43.31, 0],
		[118, "H7_6", 7705, -390, "B", "DIP", "AOUT1", "", "C", 66.93, 66.93, 43.31, 0],
		[119, "H7_7", 7805, -390, "T", "DIP", "AOUT2", "", "C", 66.93, 66.93, 43.31, 0],
		[120, "H7_7", 7805, -390, "B", "DIP", "AOUT2", "", "C", 66.93, 66.93, 43.31, 0],
		[121, "L2_1", 8569.68, -795, "B", "SMD", "$1N7357", "", "R", 84.65, 130.71, 0, 180],
		[122, "L2_2", 8340.32, -795, "B", "SMD", "+P_5V", "", "R", 84.65, 130.71, 0, 180],
		[123, "L4_1", 7449.47, -829.58, "T", "SMD", "$1N856", "", "R", 74.8, 98.42, 0, 270],
		[124, "L4_2", 7449.47, -991, "T", "SMD", "+5V", "", "R", 74.8, 98.42, 0, 270],
		[125, "P1_1", 8955, 135, "T", "DIP", "GND", "GND", "R", 62.99, 62.99, 39.37, 270],
		[126, "P1_1", 8955, 135, "B", "DIP", "GND", "GND", "R", 62.99, 62.99, 39.37, 270],
		[127, "P1_2", 9055, 135, "T", "DIP", "GND", "GND", "C", 62.99, 62.99, 39.37, 270],
		[128, "P1_2", 9055, 135, "B", "DIP", "GND", "GND", "C", 62.99, 62.99, 39.37, 270],
		[129, "P1_3", 8955, 35, "T", "DIP", "GND", "GND", "C", 62.99, 62.99, 39.37, 270],
		[130, "P1_3", 8955, 35, "B", "DIP", "GND", "GND", "C", 62.99, 62.99, 39.37, 270],
		[131, "P1_4", 9055, 35, "T", "DIP", "GND", "GND", "C", 62.99, 62.99, 39.37, 270],
		[132, "P1_4", 9055, 35, "B", "DIP", "GND", "GND", "C", 62.99, 62.99, 39.37, 270],
		[133, "P1_5", 8955, -65, "T", "DIP", "GND", "GND", "C", 62.99, 62.99, 39.37, 270],
		[134, "P1_5", 8955, -65, "B", "DIP", "GND", "GND", "C", 62.99, 62.99, 39.37, 270],
		[135, "P1_6", 9055, -65, "T", "DIP", "GND", "GND", "C", 62.99, 62.99, 39.37, 270],
		[136, "P1_6", 9055, -65, "B", "DIP", "GND", "GND", "C", 62.99, 62.99, 39.37, 270],
		[137, "P1_7", 8955, -165, "T", "DIP", "D12", "", "C", 62.99, 62.99, 39.37, 270],
		[138, "P1_7", 8955, -165, "B", "DIP", "D12", "", "C", 62.99, 62.99, 39.37, 270],
		[139, "P1_8", 9055, -165, "T", "DIP", "D13", "", "C", 62.99, 62.99, 39.37, 270],
		[140, "P1_8", 9055, -165, "B", "DIP", "D13", "", "C", 62.99, 62.99, 39.37, 270],
		[141, "P1_9", 8955, -265, "T", "DIP", "D14", "", "C", 62.99, 62.99, 39.37, 270],
		[142, "P1_9", 8955, -265, "B", "DIP", "D14", "", "C", 62.99, 62.99, 39.37, 270],
		[143, "P1_10", 9055, -265, "T", "DIP", "C06", "", "C", 62.99, 62.99, 39.37, 270],
		[144, "P1_10", 9055, -265, "B", "DIP", "C06", "", "C", 62.99, 62.99, 39.37, 270],
		[145, "P1_11", 8955, -365, "T", "DIP", "D15", "", "C", 62.99, 62.99, 39.37, 270],
		[146, "P1_11", 8955, -365, "B", "DIP", "D15", "", "C", 62.99, 62.99, 39.37, 270],
		[147, "P1_12", 9055, -365, "T", "DIP", "C07", "", "C", 62.99, 62.99, 39.37, 270],
		[148, "P1_12", 9055, -365, "B", "DIP", "C07", "", "C", 62.99, 62.99, 39.37, 270],
		[149, "P1_13", 8955, -465, "T", "DIP", "A08", "", "C", 62.99, 62.99, 39.37, 270],
		[150, "P1_13", 8955, -465, "B", "DIP", "A08", "", "C", 62.99, 62.99, 39.37, 270],
		[151, "P1_14", 9055, -465, "T", "DIP", "A09", "", "C", 62.99, 62.99, 39.37, 270],
		[152, "P1_14", 9055, -465, "B", "DIP", "A09", "", "C", 62.99, 62.99, 39.37, 270],
		[153, "P1_15", 8955, -565, "T", "DIP", "A10", "", "C", 62.99, 62.99, 39.37, 270],
		[154, "P1_15", 8955, -565, "B", "DIP", "A10", "", "C", 62.99, 62.99, 39.37, 270],
		[155, "P1_16", 9055, -565, "T", "DIP", "A11", "", "C", 62.99, 62.99, 39.37, 270],
		[156, "P1_16", 9055, -565, "B", "DIP", "A11", "", "C", 62.99, 62.99, 39.37, 270],
		[157, "P1_17", 8955, -665, "T", "DIP", "A12", "", "C", 62.99, 62.99, 39.37, 270],
		[158, "P1_17", 8955, -665, "B", "DIP", "A12", "", "C", 62.99, 62.99, 39.37, 270],
		[159, "P1_18", 9055, -665, "T", "DIP", "A13/SWDIO", "", "C", 62.99, 62.99, 39.37, 270],
		[160, "P1_18", 9055, -665, "B", "DIP", "A13/SWDIO", "", "C", 62.99, 62.99, 39.37, 270],
		[161, "P1_19", 8955, -765, "T", "DIP", "A14/SWCLK", "", "C", 62.99, 62.99, 39.37, 270],
		[162, "P1_19", 8955, -765, "B", "DIP", "A14/SWCLK", "", "C", 62.99, 62.99, 39.37, 270],
		[163, "P1_20", 9055, -765, "T", "DIP", "A15", "", "C", 62.99, 62.99, 39.37, 270],
		[164, "P1_20", 9055, -765, "B", "DIP", "A15", "", "C", 62.99, 62.99, 39.37, 270],
		[165, "P1_21", 8955, -865, "T", "DIP", "D03", "", "C", 62.99, 62.99, 39.37, 270],
		[166, "P1_21", 8955, -865, "B", "DIP", "D03", "", "C", 62.99, 62.99, 39.37, 270],
		[167, "P1_22", 9055, -865, "T", "DIP", "D04", "", "C", 62.99, 62.99, 39.37, 270],
		[168, "P1_22", 9055, -865, "B", "DIP", "D04", "", "C", 62.99, 62.99, 39.37, 270],
		[169, "P1_23", 8955, -965, "T", "DIP", "D05", "", "C", 62.99, 62.99, 39.37, 270],
		[170, "P1_23", 8955, -965, "B", "DIP", "D05", "", "C", 62.99, 62.99, 39.37, 270],
		[171, "P1_24", 9055, -965, "T", "DIP", "D06", "", "C", 62.99, 62.99, 39.37, 270],
		[172, "P1_24", 9055, -965, "B", "DIP", "D06", "", "C", 62.99, 62.99, 39.37, 270],
		[173, "P1_25", 8955, -1065, "T", "DIP", "D07", "", "C", 62.99, 62.99, 39.37, 270],
		[174, "P1_25", 8955, -1065, "B", "DIP", "D07", "", "C", 62.99, 62.99, 39.37, 270],
		[175, "P1_26", 9055, -1065, "T", "DIP", "B03", "", "C", 62.99, 62.99, 39.37, 270],
		[176, "P1_26", 9055, -1065, "B", "DIP", "B03", "", "C", 62.99, 62.99, 39.37, 270],
		[177, "P1_27", 8955, -1165, "T", "DIP", "B04", "", "C", 62.99, 62.99, 39.37, 270],
		[178, "P1_27", 8955, -1165, "B", "DIP", "B04", "", "C", 62.99, 62.99, 39.37, 270],
		[179, "P1_28", 9055, -1165, "T", "DIP", "B07", "", "C", 62.99, 62.99, 39.37, 270],
		[180, "P1_28", 9055, -1165, "B", "DIP", "B07", "", "C", 62.99, 62.99, 39.37, 270],
		[181, "P1_29", 8955, -1265, "T", "DIP", "B09", "", "C", 62.99, 62.99, 39.37, 270],
		[182, "P1_29", 8955, -1265, "B", "DIP", "B09", "", "C", 62.99, 62.99, 39.37, 270],
		[183, "P1_30", 9055, -1265, "T", "DIP", "B08", "", "C", 62.99, 62.99, 39.37, 270],
		[184, "P1_30", 9055, -1265, "B", "DIP", "B08", "", "C", 62.99, 62.99, 39.37, 270],
		[185, "P1_31", 8955, -1365, "T", "DIP", "E01", "", "C", 62.99, 62.99, 39.37, 270],
		[186, "P1_31", 8955, -1365, "B", "DIP", "E01", "", "C", 62.99, 62.99, 39.37, 270],
		[187, "P1_32", 9055, -1365, "T", "DIP", "E00", "", "C", 62.99, 62.99, 39.37, 270],
		[188, "P1_32", 9055, -1365, "B", "DIP", "E00", "", "C", 62.99, 62.99, 39.37, 270],
		[189, "P1_33", 8955, -1465, "T", "DIP", "E04", "", "C", 62.99, 62.99, 39.37, 270],
		[190, "P1_33", 8955, -1465, "B", "DIP", "E04", "", "C", 62.99, 62.99, 39.37, 270],
		[191, "P1_34", 9055, -1465, "T", "DIP", "E02", "", "C", 62.99, 62.99, 39.37, 270],
		[192, "P1_34", 9055, -1465, "B", "DIP", "E02", "", "C", 62.99, 62.99, 39.37, 270],
		[193, "P1_35", 8955, -1565, "T", "DIP", "E06", "", "C", 62.99, 62.99, 39.37, 270],
		[194, "P1_35", 8955, -1565, "B", "DIP", "E06", "", "C", 62.99, 62.99, 39.37, 270],
		[195, "P1_36", 9055, -1565, "T", "DIP", "E05", "", "C", 62.99, 62.99, 39.37, 270],
		[196, "P1_36", 9055, -1565, "B", "DIP", "E05", "", "C", 62.99, 62.99, 39.37, 270],
		[197, "P1_37", 8955, -1665, "T", "DIP", "C14", "", "C", 62.99, 62.99, 39.37, 270],
		[198, "P1_37", 8955, -1665, "B", "DIP", "C14", "", "C", 62.99, 62.99, 39.37, 270],
		[199, "P1_38", 9055, -1665, "T", "DIP", "C13", "", "C", 62.99, 62.99, 39.37, 270],
		[200, "P1_38", 9055, -1665, "B", "DIP", "C13", "", "C", 62.99, 62.99, 39.37, 270],
		[201, "P1_39", 8955, -1765, "T", "DIP", "RST", "", "C", 62.99, 62.99, 39.37, 270],
		[202, "P1_39", 8955, -1765, "B", "DIP", "RST", "", "C", 62.99, 62.99, 39.37, 270],
		[203, "P1_40", 9055, -1765, "T", "DIP", "C15", "", "C", 62.99, 62.99, 39.37, 270],
		[204, "P1_40", 9055, -1765, "B", "DIP", "C15", "", "C", 62.99, 62.99, 39.37, 270],
		[205, "P2_1", 6965, 135, "T", "DIP", "GND", "GND", "R", 62.99, 62.99, 39.37, 270],
		[206, "P2_1", 6965, 135, "B", "DIP", "GND", "GND", "R", 62.99, 62.99, 39.37, 270],
		[207, "P2_2", 7065, 135, "T", "DIP", "GND", "GND", "C", 62.99, 62.99, 39.37, 270],
		[208, "P2_2", 7065, 135, "B", "DIP", "GND", "GND", "C", 62.99, 62.99, 39.37, 270],
		[209, "P2_3", 6965, 35, "T", "DIP", "GND", "GND", "C", 62.99, 62.99, 39.37, 270],
		[210, "P2_3", 6965, 35, "B", "DIP", "GND", "GND", "C", 62.99, 62.99, 39.37, 270],
		[211, "P2_4", 7065, 35, "T", "DIP", "GND", "GND", "C", 62.99, 62.99, 39.37, 270],
		[212, "P2_4", 7065, 35, "B", "DIP", "GND", "GND", "C", 62.99, 62.99, 39.37, 270],
		[213, "P2_5", 6965, -65, "T", "DIP", "GND", "GND", "C", 62.99, 62.99, 39.37, 270],
		[214, "P2_5", 6965, -65, "B", "DIP", "GND", "GND", "C", 62.99, 62.99, 39.37, 270],
		[215, "P2_6", 7065, -65, "T", "DIP", "GND", "GND", "C", 62.99, 62.99, 39.37, 270],
		[216, "P2_6", 7065, -65, "B", "DIP", "GND", "GND", "C", 62.99, 62.99, 39.37, 270],
		[217, "P2_7", 6965, -165, "T", "DIP", "D10", "", "C", 62.99, 62.99, 39.37, 270],
		[218, "P2_7", 6965, -165, "B", "DIP", "D10", "", "C", 62.99, 62.99, 39.37, 270],
		[219, "P2_8", 7065, -165, "T", "DIP", "D11", "", "C", 62.99, 62.99, 39.37, 270],
		[220, "P2_8", 7065, -165, "B", "DIP", "D11", "", "C", 62.99, 62.99, 39.37, 270],
		[221, "P2_9", 6965, -265, "T", "DIP", "D08", "", "C", 62.99, 62.99, 39.37, 270],
		[222, "P2_9", 6965, -265, "B", "DIP", "D08", "", "C", 62.99, 62.99, 39.37, 270],
		[223, "P2_10", 7065, -265, "T", "DIP", "D09", "", "C", 62.99, 62.99, 39.37, 270],
		[224, "P2_10", 7065, -265, "B", "DIP", "D09", "", "C", 62.99, 62.99, 39.37, 270],
		[225, "P2_11", 6965, -365, "T", "DIP", "B14", "", "C", 62.99, 62.99, 39.37, 270],
		[226, "P2_11", 6965, -365, "B", "DIP", "B14", "", "C", 62.99, 62.99, 39.37, 270],
		[227, "P2_12", 7065, -365, "T", "DIP", "B15", "", "C", 62.99, 62.99, 39.37, 270],
		[228, "P2_12", 7065, -365, "B", "DIP", "B15", "", "C", 62.99, 62.99, 39.37, 270],
		[229, "P2_13", 6965, -465, "T", "DIP", "E15", "", "C", 62.99, 62.99, 39.37, 270],
		[230, "P2_13", 6965, -465, "B", "DIP", "E15", "", "C", 62.99, 62.99, 39.37, 270],
		[231, "P2_14", 7065, -465, "T", "DIP", "B10", "", "C", 62.99, 62.99, 39.37, 270],
		[232, "P2_14", 7065, -465, "B", "DIP", "B10", "", "C", 62.99, 62.99, 39.37, 270],
		[233, "P2_15", 6965, -565, "T", "DIP", "E13", "", "C", 62.99, 62.99, 39.37, 270],
		[234, "P2_15", 6965, -565, "B", "DIP", "E13", "", "C", 62.99, 62.99, 39.37, 270],
		[235, "P2_16", 7065, -565, "T", "DIP", "E14", "", "C", 62.99, 62.99, 39.37, 270],
		[236, "P2_16", 7065, -565, "B", "DIP", "E14", "", "C", 62.99, 62.99, 39.37, 270],
		[237, "P2_17", 6965, -665, "T", "DIP", "E11", "", "C", 62.99, 62.99, 39.37, 270],
		[238, "P2_17", 6965, -665, "B", "DIP", "E11", "", "C", 62.99, 62.99, 39.37, 270],
		[239, "P2_18", 7065, -665, "T", "DIP", "E12", "", "C", 62.99, 62.99, 39.37, 270],
		[240, "P2_18", 7065, -665, "B", "DIP", "E12", "", "C", 62.99, 62.99, 39.37, 270],
		[241, "P2_19", 6965, -765, "T", "DIP", "E09", "", "C", 62.99, 62.99, 39.37, 270],
		[242, "P2_19", 6965, -765, "B", "DIP", "E09", "", "C", 62.99, 62.99, 39.37, 270],
		[243, "P2_20", 7065, -765, "T", "DIP", "E10", "", "C", 62.99, 62.99, 39.37, 270],
		[244, "P2_20", 7065, -765, "B", "DIP", "E10", "", "C", 62.99, 62.99, 39.37, 270],
		[245, "P2_21", 6965, -865, "T", "DIP", "E07", "", "C", 62.99, 62.99, 39.37, 270],
		[246, "P2_21", 6965, -865, "B", "DIP", "E07", "", "C", 62.99, 62.99, 39.37, 270],
		[247, "P2_22", 7065, -865, "T", "DIP", "E08", "", "C", 62.99, 62.99, 39.37, 270],
		[248, "P2_22", 7065, -865, "B", "DIP", "E08", "", "C", 62.99, 62.99, 39.37, 270],
		[249, "P2_23", 6965, -965, "T", "DIP", "B01", "", "C", 62.99, 62.99, 39.37, 270],
		[250, "P2_23", 6965, -965, "B", "DIP", "B01", "", "C", 62.99, 62.99, 39.37, 270],
		[251, "P2_24", 7065, -965, "T", "DIP", "B02/BT1", "", "C", 62.99, 62.99, 39.37, 270],
		[252, "P2_24", 7065, -965, "B", "DIP", "B02/BT1", "", "C", 62.99, 62.99, 39.37, 270],
		[253, "P2_25", 6965, -1065, "T", "DIP", "A06", "", "C", 62.99, 62.99, 39.37, 270],
		[254, "P2_25", 6965, -1065, "B", "DIP", "A06", "", "C", 62.99, 62.99, 39.37, 270],
		[255, "P2_26", 7065, -1065, "T", "DIP", "B00", "", "C", 62.99, 62.99, 39.37, 270],
		[256, "P2_26", 7065, -1065, "B", "DIP", "B00", "", "C", 62.99, 62.99, 39.37, 270],
		[257, "P2_27", 6965, -1165, "T", "DIP", "A04", "", "C", 62.99, 62.99, 39.37, 270],
		[258, "P2_27", 6965, -1165, "B", "DIP", "A04", "", "C", 62.99, 62.99, 39.37, 270],
		[259, "P2_28", 7065, -1165, "T", "DIP", "A05", "", "C", 62.99, 62.99, 39.37, 270],
		[260, "P2_28", 7065, -1165, "B", "DIP", "A05", "", "C", 62.99, 62.99, 39.37, 270],
		[261, "P2_29", 6965, -1265, "T", "DIP", "A00", "", "C", 62.99, 62.99, 39.37, 270],
		[262, "P2_29", 6965, -1265, "B", "DIP", "A00", "", "C", 62.99, 62.99, 39.37, 270],
		[263, "P2_30", 7065, -1265, "T", "DIP", "A03", "", "C", 62.99, 62.99, 39.37, 270],
		[264, "P2_30", 7065, -1265, "B", "DIP", "A03", "", "C", 62.99, 62.99, 39.37, 270],
		[265, "P2_31", 6965, -1365, "T", "DIP", "C02", "", "C", 62.99, 62.99, 39.37, 270],
		[266, "P2_31", 6965, -1365, "B", "DIP", "C02", "", "C", 62.99, 62.99, 39.37, 270],
		[267, "P2_32", 7065, -1365, "T", "DIP", "C03", "", "C", 62.99, 62.99, 39.37, 270],
		[268, "P2_32", 7065, -1365, "B", "DIP", "C03", "", "C", 62.99, 62.99, 39.37, 270],
		[269, "P2_33", 6965, -1465, "T", "DIP", "3V3", "", "C", 62.99, 62.99, 39.37, 270],
		[270, "P2_33", 6965, -1465, "B", "DIP", "3V3", "", "C", 62.99, 62.99, 39.37, 270],
		[271, "P2_34", 7065, -1465, "T", "DIP", "C00", "", "C", 62.99, 62.99, 39.37, 270],
		[272, "P2_34", 7065, -1465, "B", "DIP", "C00", "", "C", 62.99, 62.99, 39.37, 270],
		[273, "P2_35", 6965, -1565, "T", "DIP", "3V3", "", "C", 62.99, 62.99, 39.37, 270],
		[274, "P2_35", 6965, -1565, "B", "DIP", "3V3", "", "C", 62.99, 62.99, 39.37, 270],
		[275, "P2_36", 7065, -1565, "T", "DIP", "GND", "GND", "C", 62.99, 62.99, 39.37, 270],
		[276, "P2_36", 7065, -1565, "B", "DIP", "GND", "GND", "C", 62.99, 62.99, 39.37, 270],
		[277, "P2_37", 6965, -1665, "T", "DIP", "+5V", "", "C", 62.99, 62.99, 39.37, 270],
		[278, "P2_37", 6965, -1665, "B", "DIP", "+5V", "", "C", 62.99, 62.99, 39.37, 270],
		[279, "P2_38", 7065, -1665, "T", "DIP", "GND", "GND", "C", 62.99, 62.99, 39.37, 270],
		[280, "P2_38", 7065, -1665, "B", "DIP", "GND", "GND", "C", 62.99, 62.99, 39.37, 270],
		[281, "P2_39", 6965, -1765, "T", "DIP", "+5V", "", "C", 62.99, 62.99, 39.37, 270],
		[282, "P2_39", 6965, -1765, "B", "DIP", "+5V", "", "C", 62.99, 62.99, 39.37, 270],
		[283, "P2_40", 7065, -1765, "T", "DIP", "GND", "GND", "C", 62.99, 62.99, 39.37, 270],
		[284, "P2_40", 7065, -1765, "B", "DIP", "GND", "GND", "C", 62.99, 62.99, 39.37, 270],
		[285, "P3_1", 7735, -1660, "T", "DIP", "BOUT1", "", "R", 70.87, 62.99, 40.16, 180],
		[286, "P3_1", 7735, -1660, "B", "DIP", "BOUT1", "", "R", 70.87, 62.99, 40.16, 180],
		[287, "P3_2", 7635, -1660, "T", "DIP", "GND", "GND", "C", 62.99, 62.99, 40.16, 180],
		[288, "P3_2", 7635, -1660, "B", "DIP", "GND", "GND", "C", 62.99, 62.99, 40.16, 180],
		[289, "P3_3", 7535, -1660, "T", "DIP", "B03", "", "C", 62.99, 62.99, 40.16, 180],
		[290, "P3_3", 7535, -1660, "B", "DIP", "B03", "", "C", 62.99, 62.99, 40.16, 180],
		[291, "P3_4", 7435, -1660, "T", "DIP", "A05", "", "C", 62.99, 62.99, 40.16, 180],
		[292, "P3_4", 7435, -1660, "B", "DIP", "A05", "", "C", 62.99, 62.99, 40.16, 180],
		[293, "P3_5", 7335, -1660, "T", "DIP", "3V3", "", "C", 62.99, 62.99, 40.16, 180],
		[294, "P3_5", 7335, -1660, "B", "DIP", "3V3", "", "C", 62.99, 62.99, 40.16, 180],
		[295, "P3_6", 7235, -1660, "T", "DIP", "BOUT2", "", "C", 62.99, 62.99, 40.16, 180],
		[296, "P3_6", 7235, -1660, "B", "DIP", "BOUT2", "", "C", 62.99, 62.99, 40.16, 180],
		[297, "P4_1", 8235, -1660, "T", "DIP", "BOUT1B", "", "R", 70.87, 62.99, 40.16, 0],
		[298, "P4_1", 8235, -1660, "B", "DIP", "BOUT1B", "", "R", 70.87, 62.99, 40.16, 0],
		[299, "P4_2", 8335, -1660, "T", "DIP", "GND", "GND", "C", 62.99, 62.99, 40.16, 0],
		[300, "P4_2", 8335, -1660, "B", "DIP", "GND", "GND", "C", 62.99, 62.99, 40.16, 0],
		[301, "P4_3", 8435, -1660, "T", "DIP", "C07", "", "C", 62.99, 62.99, 40.16, 0],
		[302, "P4_3", 8435, -1660, "B", "DIP", "C07", "", "C", 62.99, 62.99, 40.16, 0],
		[303, "P4_4", 8535, -1660, "T", "DIP", "C06", "", "C", 62.99, 62.99, 40.16, 0],
		[304, "P4_4", 8535, -1660, "B", "DIP", "C06", "", "C", 62.99, 62.99, 40.16, 0],
		[305, "P4_5", 8635, -1660, "T", "DIP", "3V3", "", "C", 62.99, 62.99, 40.16, 0],
		[306, "P4_5", 8635, -1660, "B", "DIP", "3V3", "", "C", 62.99, 62.99, 40.16, 0],
		[307, "P4_6", 8735, -1660, "T", "DIP", "BOUT2B", "", "C", 62.99, 62.99, 40.16, 0],
		[308, "P4_6", 8735, -1660, "B", "DIP", "BOUT2B", "", "C", 62.99, 62.99, 40.16, 0],
		[309, "P5_1", 7270, 15, "T", "DIP", "AOUT1", "", "R", 70.87, 62.99, 40.16, 0],
		[310, "P5_1", 7270, 15, "B", "DIP", "AOUT1", "", "R", 70.87, 62.99, 40.16, 0],
		[311, "P5_2", 7370, 15, "T", "DIP", "GND", "GND", "C", 62.99, 62.99, 40.16, 0],
		[312, "P5_2", 7370, 15, "B", "DIP", "GND", "GND", "C", 62.99, 62.99, 40.16, 0],
		[313, "P5_3", 7470, 15, "T", "DIP", "E11", "", "C", 62.99, 62.99, 40.16, 0],
		[314, "P5_3", 7470, 15, "B", "DIP", "E11", "", "C", 62.99, 62.99, 40.16, 0],
		[315, "P5_4", 7570, 15, "T", "DIP", "E09", "", "C", 62.99, 62.99, 40.16, 0],
		[316, "P5_4", 7570, 15, "B", "DIP", "E09", "", "C", 62.99, 62.99, 40.16, 0],
		[317, "P5_5", 7670, 15, "T", "DIP", "3V3", "", "C", 62.99, 62.99, 40.16, 0],
		[318, "P5_5", 7670, 15, "B", "DIP", "3V3", "", "C", 62.99, 62.99, 40.16, 0],
		[319, "P5_6", 7770, 15, "T", "DIP", "AOUT2", "", "C", 62.99, 62.99, 40.16, 0],
		[320, "P5_6", 7770, 15, "B", "DIP", "AOUT2", "", "C", 62.99, 62.99, 40.16, 0],
		[321, "P6_1", 8715, 20, "T", "DIP", "AOUT1B", "", "R", 70.87, 62.99, 40.16, 180],
		[322, "P6_1", 8715, 20, "B", "DIP", "AOUT1B", "", "R", 70.87, 62.99, 40.16, 180],
		[323, "P6_2", 8615, 20, "T", "DIP", "GND", "GND", "C", 62.99, 62.99, 40.16, 180],
		[324, "P6_2", 8615, 20, "B", "DIP", "GND", "GND", "C", 62.99, 62.99, 40.16, 180],
		[325, "P6_3", 8515, 20, "T", "DIP", "D13", "", "C", 62.99, 62.99, 40.16, 180],
		[326, "P6_3", 8515, 20, "B", "DIP", "D13", "", "C", 62.99, 62.99, 40.16, 180],
		[327, "P6_4", 8415, 20, "T", "DIP", "D12", "", "C", 62.99, 62.99, 40.16, 180],
		[328, "P6_4", 8415, 20, "B", "DIP", "D12", "", "C", 62.99, 62.99, 40.16, 180],
		[329, "P6_5", 8315, 20, "T", "DIP", "3V3", "", "C", 62.99, 62.99, 40.16, 180],
		[330, "P6_5", 8315, 20, "B", "DIP", "3V3", "", "C", 62.99, 62.99, 40.16, 180],
		[331, "P6_6", 8215, 20, "T", "DIP", "AOUT2B", "", "C", 62.99, 62.99, 40.16, 180],
		[332, "P6_6", 8215, 20, "B", "DIP", "AOUT2B", "", "C", 62.99, 62.99, 40.16, 180],
		[333, "R1_1", 7633.55, -567.01, "T", "SMD", "$1N864", "", "R", 31.75, 34.02, 0, 0],
		[334, "R1_2", 7692.87, -567.01, "T", "SMD", "12V", "", "R", 31.75, 34.02, 0, 0],
		[335, "R2_1", 7697.87, -858.89, "T", "SMD", "$1N857", "", "R", 31.75, 34.02, 0, 270],
		[336, "R2_2", 7697.87, -918.21, "T", "SMD", "+5V", "", "R", 31.75, 34.02, 0, 270],
		[337, "R3_1", 7629.47, -855.63, "T", "SMD", "GND", "GND", "R", 31.75, 34.02, 0, 270],
		[338, "R3_2", 7629.47, -914.95, "T", "SMD", "$1N857", "", "R", 31.75, 34.02, 0, 270],
		[339, "R4_1", 8434.66, -860, "T", "SMD", "$1N1567", "", "R", 31.75, 34.02, 0, 180],
		[340, "R4_2", 8375.34, -860, "T", "SMD", "12V", "", "R", 31.75, 34.02, 0, 180],
		[341, "R5_1", 8155.34, -590, "T", "SMD", "$1N1560", "", "R", 31.75, 34.02, 0, 0],
		[342, "R5_2", 8214.66, -590, "T", "SMD", "+P_5V", "", "R", 31.75, 34.02, 0, 0],
		[343, "R6_1", 8155, -709.66, "T", "SMD", "GND", "GND", "R", 31.75, 34.02, 0, 90],
		[344, "R6_2", 8155, -650.34, "T", "SMD", "$1N1560", "", "R", 31.75, 34.02, 0, 90],
		[345, "SCREW4_1", 8992.5, 747.5, "T", "DIP", "SCREW4_1", "", "C", 126, 126, 126, 0],
		[346, "SCREW4_1", 8992.5, 747.5, "B", "DIP", "SCREW4_1", "", "C", 126, 126, 126, 0],
		[347, "SCREW5_1", 9002.5, -2282.5, "T", "DIP", "SCREW5_1", "", "C", 126, 126, 126, 0],
		[348, "SCREW5_1", 9002.5, -2282.5, "B", "DIP", "SCREW5_1", "", "C", 126, 126, 126, 0],
		[349, "SCREW6_1", 7026.54, -2284.69, "T", "DIP", "SCREW6_1", "", "C", 126, 126, 126, 0],
		[350, "SCREW6_1", 7026.54, -2284.69, "B", "DIP", "SCREW6_1", "", "C", 126, 126, 126, 0],
		[351, "SCREW7_1", 7031.54, 745.62, "T", "DIP", "SCREW7_1", "", "C", 126, 126, 126, 0],
		[352, "SCREW7_1", 7031.54, 745.62, "B", "DIP", "SCREW7_1", "", "C", 126, 126, 126, 0],
		[353, "U20_1", 7548.96, -1091.6, "T", "SMD", "+5V", "", "C", 40, 40, 0, 0],
		[354, "U21_1", 7553.85, -631.76, "T", "SMD", "$1N867", "", "O", 22.6, 80.24, 0, 270],
		[355, "U21_2", 7553.85, -681.76, "T", "SMD", "$1N856", "", "O", 22.6, 80.24, 0, 270],
		[356, "U21_3", 7553.85, -731.76, "T", "SMD", "$1N864", "", "O", 22.6, 80.24, 0, 270],
		[357, "U21_4", 7553.85, -781.76, "T", "SMD", "$1N858", "", "O", 22.6, 80.24, 0, 270],
		[358, "U21_5", 7771.89, -781.76, "T", "SMD", "$1N857", "", "O", 22.6, 80.24, 0, 270],
		[359, "U21_6", 7771.89, -731.76, "T", "SMD", "$1N865", "", "O", 22.6, 80.24, 0, 270],
		[360, "U21_7", 7771.89, -681.76, "T", "SMD", "12V", "", "O", 22.6, 80.24, 0, 270],
		[361, "U21_8", 7771.89, -631.76, "T", "SMD", "12V", "", "O", 22.6, 80.24, 0, 270],
		[362, "U21_9", 7662.87, -706.76, "T", "SMD", "GND", "GND", "R", 78.74, 78.74, 0, 270],
		[363, "U22_1", 8534.02, -795, "T", "SMD", "$1N1570", "", "O", 22.6, 80.24, 0, 90],
		[364, "U22_2", 8534.02, -745, "T", "SMD", "$1N7357", "", "O", 22.6, 80.24, 0, 90],
		[365, "U22_3", 8534.02, -695, "T", "SMD", "$1N1567", "", "O", 22.6, 80.24, 0, 90],
		[366, "U22_4", 8534.02, -645, "T", "SMD", "$1N1561", "", "O", 22.6, 80.24, 0, 90],
		[367, "U22_5", 8315.98, -645, "T", "SMD", "$1N1560", "", "O", 22.6, 80.24, 0, 90],
		[368, "U22_6", 8315.98, -695, "T", "SMD", "$1N1568", "", "O", 22.6, 80.24, 0, 90],
		[369, "U22_7", 8315.98, -745, "T", "SMD", "12V", "", "O", 22.6, 80.24, 0, 90],
		[370, "U22_8", 8315.98, -795, "T", "SMD", "12V", "", "O", 22.6, 80.24, 0, 90],
		[371, "U22_9", 8425, -720, "T", "SMD", "GND", "GND", "R", 78.74, 78.74, 0, 90],
		[372, "U29_1", 8661.97, -999.84, "T", "SMD", "+P_5V", "", "C", 40, 40, 0, 0]
	]
}
}